[{"model": "admin.logentry", "pk": 1, "fields": {"action_time": "2024-11-02T21:26:46.479Z", "user": 1, "content_type": 8, "object_id": "1", "object_repr": "mathematics", "action_flag": 1, "change_message": "[{\"added\": {}}]"}}, {"model": "admin.logentry", "pk": 2, "fields": {"action_time": "2024-11-02T21:28:21.829Z", "user": 1, "content_type": 9, "object_id": "1", "object_repr": "just mathematics", "action_flag": 1, "change_message": "[{\"added\": {}}]"}}, {"model": "admin.logentry", "pk": 3, "fields": {"action_time": "2024-11-02T21:29:12.460Z", "user": 1, "content_type": 11, "object_id": "1", "object_repr": "1+1", "action_flag": 1, "change_message": "[{\"added\": {}}]"}}, {"model": "admin.logentry", "pk": 4, "fields": {"action_time": "2024-11-02T21:29:58.113Z", "user": 1, "content_type": 11, "object_id": "2", "object_repr": "2+2", "action_flag": 1, "change_message": "[{\"added\": {}}]"}}, {"model": "admin.logentry", "pk": 5, "fields": {"action_time": "2024-11-02T21:30:32.420Z", "user": 1, "content_type": 11, "object_id": "3", "object_repr": "2+2*2", "action_flag": 1, "change_message": "[{\"added\": {}}]"}}, {"model": "admin.logentry", "pk": 6, "fields": {"action_time": "2024-11-02T21:31:25.073Z", "user": 1, "content_type": 7, "object_id": "1", "object_repr": "5 - False", "action_flag": 1, "change_message": "[{\"added\": {}}]"}}, {"model": "admin.logentry", "pk": 7, "fields": {"action_time": "2024-11-02T21:31:33.907Z", "user": 1, "content_type": 7, "object_id": "2", "object_repr": "4 - False", "action_flag": 1, "change_message": "[{\"added\": {}}]"}}, {"model": "admin.logentry", "pk": 8, "fields": {"action_time": "2024-11-02T21:31:43.522Z", "user": 1, "content_type": 7, "object_id": "3", "object_repr": "3 - False", "action_flag": 1, "change_message": "[{\"added\": {}}]"}}, {"model": "admin.logentry", "pk": 9, "fields": {"action_time": "2024-11-02T21:31:57.319Z", "user": 1, "content_type": 7, "object_id": "4", "object_repr": "2 - False", "action_flag": 1, "change_message": "[{\"added\": {}}]"}}, {"model": "admin.logentry", "pk": 10, "fields": {"action_time": "2024-11-02T21:32:06.282Z", "user": 1, "content_type": 7, "object_id": "5", "object_repr": "7 - False", "action_flag": 1, "change_message": "[{\"added\": {}}]"}}, {"model": "admin.logentry", "pk": 11, "fields": {"action_time": "2024-11-02T21:32:21.967Z", "user": 1, "content_type": 7, "object_id": "6", "object_repr": "4 - True", "action_flag": 1, "change_message": "[{\"added\": {}}]"}}, {"model": "admin.logentry", "pk": 12, "fields": {"action_time": "2024-11-02T21:32:35.042Z", "user": 1, "content_type": 7, "object_id": "7", "object_repr": "676767 - False", "action_flag": 1, "change_message": "[{\"added\": {}}]"}}, {"model": "admin.logentry", "pk": 13, "fields": {"action_time": "2024-11-02T21:32:55.538Z", "user": 1, "content_type": 7, "object_id": "8", "object_repr": "6 - True", "action_flag": 1, "change_message": "[{\"added\": {}}]"}}, {"model": "admin.logentry", "pk": 14, "fields": {"action_time": "2024-11-02T21:33:06.743Z", "user": 1, "content_type": 7, "object_id": "9", "object_repr": "8 - False", "action_flag": 1, "change_message": "[{\"added\": {}}]"}}, {"model": "admin.logentry", "pk": 15, "fields": {"action_time": "2024-11-02T21:33:14.542Z", "user": 1, "content_type": 7, "object_id": "10", "object_repr": "6 - False", "action_flag": 1, "change_message": "[{\"added\": {}}]"}}, {"model": "admin.logentry", "pk": 16, "fields": {"action_time": "2024-11-02T21:33:53.141Z", "user": 1, "content_type": 7, "object_id": "4", "object_repr": "2 - True", "action_flag": 2, "change_message": "[{\"changed\": {\"fields\": [\"\\u042f\\u0432\\u043b\\u044f\\u0435\\u0442\\u0441\\u044f \\u043a\\u043e\\u0440\\u0440\\u0435\\u043a\\u0442\\u043d\\u044b\\u043c\"]}}]"}}, {"model": "admin.logentry", "pk": 17, "fields": {"action_time": "2024-11-02T21:35:39.408Z", "user": 1, "content_type": 8, "object_id": "2", "object_repr": "poetry", "action_flag": 1, "change_message": "[{\"added\": {}}]"}}, {"model": "admin.logentry", "pk": 18, "fields": {"action_time": "2024-11-02T21:38:32.927Z", "user": 1, "content_type": 9, "object_id": "2", "object_repr": "Russian poetry", "action_flag": 1, "change_message": "[{\"added\": {}}]"}}, {"model": "admin.logentry", "pk": 19, "fields": {"action_time": "2024-11-02T21:41:01.923Z", "user": 1, "content_type": 11, "object_id": "4", "object_repr": "Don't leave the room, don't make a mistake.\r\nWhy do you need the Sun if you smoke Shipka?\r\nEverything is meaningless behind the door, especially the cry of happiness.\r\nJust go to the toilet - and come", "action_flag": 1, "change_message": "[{\"added\": {}}]"}}, {"model": "admin.logentry", "pk": 20, "fields": {"action_time": "2024-11-02T21:41:21.640Z", "user": 1, "content_type": 7, "object_id": "11", "object_repr": "Joseph Brodsky - True", "action_flag": 1, "change_message": "[{\"added\": {}}]"}}, {"model": "admin.logentry", "pk": 21, "fields": {"action_time": "2024-11-02T21:41:58.046Z", "user": 1, "content_type": 7, "object_id": "12", "object_repr": "Sergei Yesenin - False", "action_flag": 1, "change_message": "[{\"added\": {}}]"}}, {"model": "admin.logentry", "pk": 22, "fields": {"action_time": "2024-11-02T22:28:53.038Z", "user": 1, "content_type": 11, "object_id": "1", "object_repr": "1+1", "action_flag": 2, "change_message": "[{\"changed\": {\"fields\": [\"\\u041a\\u0430\\u0440\\u0442\\u0438\\u043d\\u043a\\u0430\"]}}]"}}, {"model": "admin.logentry", "pk": 23, "fields": {"action_time": "2024-11-02T22:30:47.403Z", "user": 1, "content_type": 11, "object_id": "1", "object_repr": "1+1", "action_flag": 2, "change_message": "[{\"changed\": {\"fields\": [\"\\u041a\\u0430\\u0440\\u0442\\u0438\\u043d\\u043a\\u0430\"]}}]"}}, {"model": "admin.logentry", "pk": 24, "fields": {"action_time": "2024-11-02T23:44:57.179Z", "user": 1, "content_type": 8, "object_id": "3", "object_repr": "Авто", "action_flag": 1, "change_message": "[{\"added\": {}}]"}}, {"model": "admin.logentry", "pk": 25, "fields": {"action_time": "2024-11-02T23:46:08.909Z", "user": 1, "content_type": 12, "object_id": "1", "object_repr": "2 - 1", "action_flag": 1, "change_message": "[{\"added\": {}}]"}}, {"model": "admin.logentry", "pk": 26, "fields": {"action_time": "2024-11-02T23:51:56.464Z", "user": 1, "content_type": 6, "object_id": "2", "object_repr": "вася", "action_flag": 1, "change_message": "[{\"added\": {}}]"}}, {"model": "admin.logentry", "pk": 27, "fields": {"action_time": "2024-11-02T23:52:17.349Z", "user": 1, "content_type": 12, "object_id": "2", "object_repr": "1 - 2", "action_flag": 1, "change_message": "[{\"added\": {}}]"}}, {"model": "admin.logentry", "pk": 28, "fields": {"action_time": "2024-11-03T00:04:29.915Z", "user": 1, "content_type": 9, "object_id": "3", "object_repr": "кузов авто", "action_flag": 1, "change_message": "[{\"added\": {}}]"}}, {"model": "admin.logentry", "pk": 29, "fields": {"action_time": "2024-11-03T00:05:34.817Z", "user": 1, "content_type": 11, "object_id": "5", "object_repr": "ewewerfdfv\r\ncvc\r\ncvcv\r\nvvvvvvvvvvvvvvvvvvvvvvvvvvvv", "action_flag": 1, "change_message": "[{\"added\": {}}]"}}, {"model": "admin.logentry", "pk": 30, "fields": {"action_time": "2024-11-03T00:07:45.329Z", "user": 1, "content_type": 7, "object_id": "13", "object_repr": "седан - True", "action_flag": 1, "change_message": "[{\"added\": {}}]"}}, {"model": "admin.logentry", "pk": 31, "fields": {"action_time": "2024-11-03T00:08:12.651Z", "user": 1, "content_type": 11, "object_id": "5", "object_repr": "какой кузов на каринке?", "action_flag": 2, "change_message": "[{\"changed\": {\"fields\": [\"\\u0422\\u0435\\u043a\\u0441\\u0442\"]}}]"}}, {"model": "admin.logentry", "pk": 32, "fields": {"action_time": "2024-11-03T00:08:44.646Z", "user": 1, "content_type": 7, "object_id": "14", "object_repr": "пикап - False", "action_flag": 1, "change_message": "[{\"added\": {}}]"}}, {"model": "admin.logentry", "pk": 33, "fields": {"action_time": "2024-11-09T06:58:19.482Z", "user": 1, "content_type": 11, "object_id": "4", "object_repr": "Don't leave the room, don't make a mistake.\r\nWhy do you need the Sun if you smoke Shipka?\r\nEverything is meaningless behind the door, especially the cry of happiness.\r\nJust go to the toilet - and come", "action_flag": 2, "change_message": "[{\"added\": {\"name\": \"\\u041e\\u0442\\u0432\\u0435\\u0442\\u044b \\u0432\\u0430\\u0440\\u0438\\u0430\\u043d\\u0442\\u044b\", \"object\": \"\\u041a\\u0438\\u043a\\u0430\\u0431\\u0438\\u0434\\u0437\\u0435 - False\"}}]"}}, {"model": "admin.logentry", "pk": 34, "fields": {"action_time": "2024-11-12T15:52:53.737Z", "user": 1, "content_type": 11, "object_id": "1", "object_repr": "1+1", "action_flag": 2, "change_message": "[{\"changed\": {\"fields\": [\"\\u041a\\u0430\\u0440\\u0442\\u0438\\u043d\\u043a\\u0430\"]}}]"}}, {"model": "admin.logentry", "pk": 35, "fields": {"action_time": "2024-11-12T15:53:07.195Z", "user": 1, "content_type": 11, "object_id": "2", "object_repr": "2+2", "action_flag": 2, "change_message": "[{\"changed\": {\"fields\": [\"\\u041a\\u0430\\u0440\\u0442\\u0438\\u043d\\u043a\\u0430\"]}}]"}}, {"model": "admin.logentry", "pk": 36, "fields": {"action_time": "2024-11-12T15:53:16.524Z", "user": 1, "content_type": 11, "object_id": "3", "object_repr": "2+2*2", "action_flag": 2, "change_message": "[{\"changed\": {\"fields\": [\"\\u041a\\u0430\\u0440\\u0442\\u0438\\u043d\\u043a\\u0430\"]}}]"}}, {"model": "admin.logentry", "pk": 37, "fields": {"action_time": "2024-11-12T15:54:01.154Z", "user": 1, "content_type": 6, "object_id": "2", "object_repr": "вася", "action_flag": 2, "change_message": "[{\"changed\": {\"fields\": [\"\\u0410\\u0432\\u0430\\u0442\\u0430\\u0440\"]}}]"}}, {"model": "admin.logentry", "pk": 38, "fields": {"action_time": "2024-11-16T17:51:10.331Z", "user": 1, "content_type": 6, "object_id": "3", "object_repr": "from_form", "action_flag": 2, "change_message": "[{\"changed\": {\"fields\": [\"\\u0410\\u0432\\u0430\\u0442\\u0430\\u0440\"]}}]"}}, {"model": "admin.logentry", "pk": 39, "fields": {"action_time": "2024-11-23T20:21:50.160Z", "user": 1, "content_type": 9, "object_id": "1", "object_repr": "just mathematics", "action_flag": 2, "change_message": "[{\"added\": {\"name\": \"\\u0412\\u043e\\u043f\\u0440\\u043e\\u0441\", \"object\": \"\\u0410 \\u0438 \\u0411 \\u0441\\u0438\\u0434\\u0435\\u043b\\u0438 \\u043d\\u0430 \\u0442\\u0440\\u0443\\u0431\\u0435\\r\\n\\u0427\\u0442\\u043e \\u043e\\u0441\\u0442\\u0430\\u043b\\u043e\\u0441\\u044c?\"}}]"}}, {"model": "admin.logentry", "pk": 40, "fields": {"action_time": "2024-11-23T21:05:06.003Z", "user": 1, "content_type": 8, "object_id": "4", "object_repr": "География (добавлен из пользователя)", "action_flag": 1, "change_message": "[{\"added\": {}}]"}}, {"model": "admin.logentry", "pk": 41, "fields": {"action_time": "2024-11-23T21:08:22.008Z", "user": 1, "content_type": 8, "object_id": "4", "object_repr": "География добавлен из пользователя", "action_flag": 2, "change_message": "[{\"changed\": {\"fields\": [\"\\u041d\\u0430\\u0437\\u0432\\u0430\\u043d\\u0438\\u0435\"]}}]"}}, {"model": "admin.logentry", "pk": 42, "fields": {"action_time": "2024-11-23T21:09:51.159Z", "user": 1, "content_type": 6, "object_id": "2", "object_repr": "вася", "action_flag": 2, "change_message": "[{\"changed\": {\"name\": \"\\u0422\\u0435\\u0441\\u0442\", \"object\": \"\\u043a\\u0443\\u0437\\u043e\\u0432 \\u0430\\u0432\\u0442\\u043e\", \"fields\": [\"\\u041a\\u0430\\u0442\\u0435\\u0433\\u043e\\u0440\\u0438\\u044f\"]}}]"}}, {"model": "admin.logentry", "pk": 43, "fields": {"action_time": "2024-11-23T21:10:05.477Z", "user": 1, "content_type": 6, "object_id": "2", "object_repr": "вася", "action_flag": 2, "change_message": "[{\"changed\": {\"name\": \"\\u0422\\u0435\\u0441\\u0442\", \"object\": \"\\u043a\\u0443\\u0437\\u043e\\u0432 \\u0430\\u0432\\u0442\\u043e\", \"fields\": [\"\\u041a\\u0430\\u0442\\u0435\\u0433\\u043e\\u0440\\u0438\\u044f\"]}}]"}}, {"model": "admin.logentry", "pk": 44, "fields": {"action_time": "2024-11-24T03:03:36.733Z", "user": 1, "content_type": 9, "object_id": "2", "object_repr": "Russian poetry", "action_flag": 2, "change_message": "[]"}}, {"model": "admin.logentry", "pk": 45, "fields": {"action_time": "2024-11-28T18:58:41.549Z", "user": 1, "content_type": 8, "object_id": "5", "object_repr": "Star", "action_flag": 1, "change_message": "[{\"added\": {}}]"}}, {"model": "admin.logentry", "pk": 46, "fields": {"action_time": "2024-11-28T18:58:48.842Z", "user": 1, "content_type": 8, "object_id": "5", "object_repr": "Star", "action_flag": 2, "change_message": "[]"}}, {"model": "admin.logentry", "pk": 47, "fields": {"action_time": "2024-11-28T18:59:09.775Z", "user": 1, "content_type": 8, "object_id": "6", "object_repr": "Лайф хаки по жизни", "action_flag": 1, "change_message": "[{\"added\": {}}]"}}, {"model": "admin.logentry", "pk": 48, "fields": {"action_time": "2024-11-28T18:59:48.489Z", "user": 1, "content_type": 8, "object_id": "7", "object_repr": "Актеры кино", "action_flag": 1, "change_message": "[{\"added\": {}}]"}}, {"model": "admin.logentry", "pk": 49, "fields": {"action_time": "2024-11-28T19:00:05.590Z", "user": 1, "content_type": 8, "object_id": "8", "object_repr": "Фильмы, кино и не только", "action_flag": 1, "change_message": "[{\"added\": {}}]"}}, {"model": "admin.logentry", "pk": 50, "fields": {"action_time": "2024-11-28T21:11:30.502Z", "user": 1, "content_type": 9, "object_id": "4", "object_repr": "матемаша1", "action_flag": 1, "change_message": "[{\"added\": {}}, {\"added\": {\"name\": \"\\u0412\\u043e\\u043f\\u0440\\u043e\\u0441\", \"object\": \"\\u0432\\u043e\\u043f\\u0440\\u043e\\u0441 1 \\u0434\\u043b\\u044f \\u043c\\u0430\\u0442\\u0435\\u043c\\u0430\\u0448\\u04301\"}}]"}}, {"model": "admin.logentry", "pk": 51, "fields": {"action_time": "2024-11-28T21:24:51.721Z", "user": 1, "content_type": 9, "object_id": "14", "object_repr": "fdnjh", "action_flag": 1, "change_message": "[{\"added\": {}}]"}}, {"model": "admin.logentry", "pk": 52, "fields": {"action_time": "2024-11-28T21:25:40.505Z", "user": 1, "content_type": 9, "object_id": "15", "object_repr": "frbth", "action_flag": 1, "change_message": "[{\"added\": {}}]"}}, {"model": "admin.logentry", "pk": 53, "fields": {"action_time": "2024-11-28T21:26:18.632Z", "user": 1, "content_type": 9, "object_id": "16", "object_repr": "act", "action_flag": 1, "change_message": "[{\"added\": {}}]"}}, {"model": "admin.logentry", "pk": 54, "fields": {"action_time": "2024-11-28T21:27:05.039Z", "user": 1, "content_type": 9, "object_id": "17", "object_repr": "dododo", "action_flag": 1, "change_message": "[{\"added\": {}}]"}}, {"model": "admin.logentry", "pk": 55, "fields": {"action_time": "2024-11-28T21:34:08.189Z", "user": 1, "content_type": 9, "object_id": "18", "object_repr": "real", "action_flag": 1, "change_message": "[{\"added\": {}}]"}}, {"model": "admin.logentry", "pk": 56, "fields": {"action_time": "2024-12-02T20:56:02.004Z", "user": 1, "content_type": 8, "object_id": "9", "object_repr": "cat 1", "action_flag": 1, "change_message": "[{\"added\": {}}]"}}, {"model": "admin.logentry", "pk": 57, "fields": {"action_time": "2024-12-02T20:56:21.443Z", "user": 1, "content_type": 8, "object_id": "10", "object_repr": "cat 2", "action_flag": 1, "change_message": "[{\"added\": {}}]"}}, {"model": "admin.logentry", "pk": 58, "fields": {"action_time": "2024-12-02T20:56:28.990Z", "user": 1, "content_type": 8, "object_id": "11", "object_repr": "cat 3", "action_flag": 1, "change_message": "[{\"added\": {}}]"}}, {"model": "admin.logentry", "pk": 59, "fields": {"action_time": "2024-12-02T22:35:49.415Z", "user": 1, "content_type": 9, "object_id": "16", "object_repr": "act", "action_flag": 2, "change_message": "[{\"changed\": {\"fields\": [\"\\u041e\\u043f\\u0443\\u0431\\u043b\\u0438\\u043a\\u043e\\u0432\\u0430\\u043d\\u043e\"]}}]"}}, {"model": "admin.logentry", "pk": 60, "fields": {"action_time": "2024-12-05T14:04:22.591Z", "user": 1, "content_type": 8, "object_id": "12", "object_repr": "Основы программирования", "action_flag": 1, "change_message": "[{\"added\": {}}]"}}, {"model": "admin.logentry", "pk": 61, "fields": {"action_time": "2024-12-05T14:06:43.040Z", "user": 1, "content_type": 9, "object_id": "19", "object_repr": "Start", "action_flag": 1, "change_message": "[{\"added\": {}}, {\"added\": {\"name\": \"\\u0412\\u043e\\u043f\\u0440\\u043e\\u0441\", \"object\": \"\\u0412 \\u043f\\u0435\\u0440\\u0432\\u0443\\u044e \\u0444\\u0440\\u0430\\u0437\\u0443 \\u043a\\u043e\\u0442\\u043e\\u0440\\u0443\\u044e \\u0432\\u0432\\u043e\\u0434\\u0438\\u0442 \\u043f\\u0440\\u043e\\u0433\\u0440\\u0430\\u043c\\u043c\\u0438\\u0441\\u0442 \\u043f\\u0440\\u0438 \\u0438\\u0437\\u0443\\u0447\\u0435\\u043d\\u0438\\u0438 \\u044f\\u0437\\u044b\\u043a\\u0430 \\u043f\\u0430\\u0439\\u0442\\u043e\\u043d\"}}]"}}, {"model": "admin.logentry", "pk": 62, "fields": {"action_time": "2024-12-05T14:08:07.319Z", "user": 1, "content_type": 8, "object_id": "12", "object_repr": "Программирования", "action_flag": 2, "change_message": "[{\"changed\": {\"fields\": [\"\\u041d\\u0430\\u0437\\u0432\\u0430\\u043d\\u0438\\u0435\"]}}]"}}, {"model": "admin.logentry", "pk": 63, "fields": {"action_time": "2024-12-05T14:08:23.315Z", "user": 1, "content_type": 8, "object_id": "12", "object_repr": "Программирование", "action_flag": 2, "change_message": "[{\"changed\": {\"fields\": [\"\\u041d\\u0430\\u0437\\u0432\\u0430\\u043d\\u0438\\u0435\"]}}]"}}, {"model": "admin.logentry", "pk": 64, "fields": {"action_time": "2024-12-05T14:09:23.075Z", "user": 1, "content_type": 9, "object_id": "19", "object_repr": "Основы программирования", "action_flag": 2, "change_message": "[{\"changed\": {\"fields\": [\"\\u041d\\u0430\\u0437\\u0432\\u0430\\u043d\\u0438\\u0435\", \"\\u041e\\u043f\\u0438\\u0441\\u0430\\u043d\\u0438\\u0435\"]}}]"}}, {"model": "admin.logentry", "pk": 65, "fields": {"action_time": "2024-12-09T17:22:08.390Z", "user": 1, "content_type": 6, "object_id": "4", "object_repr": "лололололололололололололололо", "action_flag": 2, "change_message": "[]"}}, {"model": "admin.logentry", "pk": 66, "fields": {"action_time": "2024-12-09T17:26:36.395Z", "user": 1, "content_type": 6, "object_id": "4", "object_repr": "лололололололололололололололо", "action_flag": 2, "change_message": "[{\"added\": {\"name\": \"\\u0422\\u0435\\u0441\\u0442\", \"object\": \"CatFood\"}}]"}}, {"model": "admin.logentry", "pk": 67, "fields": {"action_time": "2024-12-09T21:42:06.417Z", "user": 1, "content_type": 6, "object_id": "3", "object_repr": "from_form", "action_flag": 2, "change_message": "[{\"changed\": {\"name\": \"\\u0422\\u0435\\u0441\\u0442\", \"object\": \"\\u043c\\u0430\\u0442\\u0435\\u043c\\u0430\\u0448\\u04301\", \"fields\": [\"\\u0421\\u043b\\u0430\\u0433\"]}}]"}}, {"model": "admin.logentry", "pk": 68, "fields": {"action_time": "2024-12-11T19:58:18.394Z", "user": 1, "content_type": 8, "object_id": "13", "object_repr": "Музыка", "action_flag": 1, "change_message": "[{\"added\": {}}]"}}, {"model": "auth.permission", "pk": 1, "fields": {"name": "Can add log entry", "content_type": 1, "codename": "add_logentry"}}, {"model": "auth.permission", "pk": 2, "fields": {"name": "Can change log entry", "content_type": 1, "codename": "change_logentry"}}, {"model": "auth.permission", "pk": 3, "fields": {"name": "Can delete log entry", "content_type": 1, "codename": "delete_logentry"}}, {"model": "auth.permission", "pk": 4, "fields": {"name": "Can view log entry", "content_type": 1, "codename": "view_logentry"}}, {"model": "auth.permission", "pk": 5, "fields": {"name": "Can add permission", "content_type": 2, "codename": "add_permission"}}, {"model": "auth.permission", "pk": 6, "fields": {"name": "Can change permission", "content_type": 2, "codename": "change_permission"}}, {"model": "auth.permission", "pk": 7, "fields": {"name": "Can delete permission", "content_type": 2, "codename": "delete_permission"}}, {"model": "auth.permission", "pk": 8, "fields": {"name": "Can view permission", "content_type": 2, "codename": "view_permission"}}, {"model": "auth.permission", "pk": 9, "fields": {"name": "Can add group", "content_type": 3, "codename": "add_group"}}, {"model": "auth.permission", "pk": 10, "fields": {"name": "Can change group", "content_type": 3, "codename": "change_group"}}, {"model": "auth.permission", "pk": 11, "fields": {"name": "Can delete group", "content_type": 3, "codename": "delete_group"}}, {"model": "auth.permission", "pk": 12, "fields": {"name": "Can view group", "content_type": 3, "codename": "view_group"}}, {"model": "auth.permission", "pk": 13, "fields": {"name": "Can add content type", "content_type": 4, "codename": "add_contenttype"}}, {"model": "auth.permission", "pk": 14, "fields": {"name": "Can change content type", "content_type": 4, "codename": "change_contenttype"}}, {"model": "auth.permission", "pk": 15, "fields": {"name": "Can delete content type", "content_type": 4, "codename": "delete_contenttype"}}, {"model": "auth.permission", "pk": 16, "fields": {"name": "Can view content type", "content_type": 4, "codename": "view_contenttype"}}, {"model": "auth.permission", "pk": 17, "fields": {"name": "Can add session", "content_type": 5, "codename": "add_session"}}, {"model": "auth.permission", "pk": 18, "fields": {"name": "Can change session", "content_type": 5, "codename": "change_session"}}, {"model": "auth.permission", "pk": 19, "fields": {"name": "Can delete session", "content_type": 5, "codename": "delete_session"}}, {"model": "auth.permission", "pk": 20, "fields": {"name": "Can view session", "content_type": 5, "codename": "view_session"}}, {"model": "auth.permission", "pk": 21, "fields": {"name": "Can add Пользователь", "content_type": 6, "codename": "add_user"}}, {"model": "auth.permission", "pk": 22, "fields": {"name": "Can change Пользователь", "content_type": 6, "codename": "change_user"}}, {"model": "auth.permission", "pk": 23, "fields": {"name": "Can delete Пользователь", "content_type": 6, "codename": "delete_user"}}, {"model": "auth.permission", "pk": 24, "fields": {"name": "Can view Пользователь", "content_type": 6, "codename": "view_user"}}, {"model": "auth.permission", "pk": 25, "fields": {"name": "Can add Ответ", "content_type": 7, "codename": "add_answer"}}, {"model": "auth.permission", "pk": 26, "fields": {"name": "Can change Ответ", "content_type": 7, "codename": "change_answer"}}, {"model": "auth.permission", "pk": 27, "fields": {"name": "Can delete Ответ", "content_type": 7, "codename": "delete_answer"}}, {"model": "auth.permission", "pk": 28, "fields": {"name": "Can view Ответ", "content_type": 7, "codename": "view_answer"}}, {"model": "auth.permission", "pk": 29, "fields": {"name": "Can add Категория", "content_type": 8, "codename": "add_category"}}, {"model": "auth.permission", "pk": 30, "fields": {"name": "Can change Категория", "content_type": 8, "codename": "change_category"}}, {"model": "auth.permission", "pk": 31, "fields": {"name": "Can delete Категория", "content_type": 8, "codename": "delete_category"}}, {"model": "auth.permission", "pk": 32, "fields": {"name": "Can view Категория", "content_type": 8, "codename": "view_category"}}, {"model": "auth.permission", "pk": 33, "fields": {"name": "Can add Тест", "content_type": 9, "codename": "add_test"}}, {"model": "auth.permission", "pk": 34, "fields": {"name": "Can change Тест", "content_type": 9, "codename": "change_test"}}, {"model": "auth.permission", "pk": 35, "fields": {"name": "Can delete Тест", "content_type": 9, "codename": "delete_test"}}, {"model": "auth.permission", "pk": 36, "fields": {"name": "Can view Тест", "content_type": 9, "codename": "view_test"}}, {"model": "auth.permission", "pk": 37, "fields": {"name": "Can add Ответ", "content_type": 10, "codename": "add_userresult"}}, {"model": "auth.permission", "pk": 38, "fields": {"name": "Can change Ответ", "content_type": 10, "codename": "change_userresult"}}, {"model": "auth.permission", "pk": 39, "fields": {"name": "Can delete Ответ", "content_type": 10, "codename": "delete_userresult"}}, {"model": "auth.permission", "pk": 40, "fields": {"name": "Can view Ответ", "content_type": 10, "codename": "view_userresult"}}, {"model": "auth.permission", "pk": 41, "fields": {"name": "Can add Вопрос", "content_type": 11, "codename": "add_question"}}, {"model": "auth.permission", "pk": 42, "fields": {"name": "Can change Вопрос", "content_type": 11, "codename": "change_question"}}, {"model": "auth.permission", "pk": 43, "fields": {"name": "Can delete Вопрос", "content_type": 11, "codename": "delete_question"}}, {"model": "auth.permission", "pk": 44, "fields": {"name": "Can view Вопрос", "content_type": 11, "codename": "view_question"}}, {"model": "auth.permission", "pk": 45, "fields": {"name": "Can add Избранное", "content_type": 12, "codename": "add_favorite"}}, {"model": "auth.permission", "pk": 46, "fields": {"name": "Can change Избранное", "content_type": 12, "codename": "change_favorite"}}, {"model": "auth.permission", "pk": 47, "fields": {"name": "Can delete Избранное", "content_type": 12, "codename": "delete_favorite"}}, {"model": "auth.permission", "pk": 48, "fields": {"name": "Can view Избранное", "content_type": 12, "codename": "view_favorite"}}, {"model": "contenttypes.contenttype", "pk": 1, "fields": {"app_label": "admin", "model": "logentry"}}, {"model": "contenttypes.contenttype", "pk": 2, "fields": {"app_label": "auth", "model": "permission"}}, {"model": "contenttypes.contenttype", "pk": 3, "fields": {"app_label": "auth", "model": "group"}}, {"model": "contenttypes.contenttype", "pk": 4, "fields": {"app_label": "contenttypes", "model": "contenttype"}}, {"model": "contenttypes.contenttype", "pk": 5, "fields": {"app_label": "sessions", "model": "session"}}, {"model": "contenttypes.contenttype", "pk": 6, "fields": {"app_label": "models_app", "model": "user"}}, {"model": "contenttypes.contenttype", "pk": 7, "fields": {"app_label": "models_app", "model": "answer"}}, {"model": "contenttypes.contenttype", "pk": 8, "fields": {"app_label": "models_app", "model": "category"}}, {"model": "contenttypes.contenttype", "pk": 9, "fields": {"app_label": "models_app", "model": "test"}}, {"model": "contenttypes.contenttype", "pk": 10, "fields": {"app_label": "models_app", "model": "userresult"}}, {"model": "contenttypes.contenttype", "pk": 11, "fields": {"app_label": "models_app", "model": "question"}}, {"model": "contenttypes.contenttype", "pk": 12, "fields": {"app_label": "models_app", "model": "favorite"}}, {"model": "sessions.session", "pk": "1i2fbw9lhalfhc0f61dfx9qtc3ch1ctn", "fields": {"session_data": ".eJxVjDsOwjAQBe_iGlmxnPWHkp4zWLveNQ4gR4qTCnF3iJQC2jcz76USbmtNW5clTazOyqjT70aYH9J2wHdst1nnua3LRHpX9EG7vs4sz8vh_h1U7PVbZ5cZQiThwhkDwUDojWXytsjgMRixxQOPxUVnAgMaiAFKER7JEar3BxvhOTU:1tCMwL:MBv5oPbvudaUAnplCgX-6FrJYCFHcjtJx3rwRV4PdX0", "expire_date": "2024-11-30T17:50:33.086Z"}}, {"model": "sessions.session", "pk": "1nlceuhbr1f7npfe9mxhjnmc3kg8hui3", "fields": {"session_data": ".eJxVjEEOwiAQRe_C2hAGaAMu3XsGMjCDVA0kpV013t026UK3773_NxFwXUpYO89hInEVIC6_LGJ6cT0EPbE-mkytLvMU5ZHI03Z5b8Tv29n-HRTsZV9jzIM1zoEmcMBkDbLLhjybUeWMYLNyAN5YRTwAJ-3iGNHvXHtOID5f5iE3-w:1tLJaG:NJdaxbuQ1bK5wh-0ag8jGSGnOGJY587b6vJuR6TNOSs", "expire_date": "2024-12-25T10:04:44.837Z"}}, {"model": "sessions.session", "pk": "fgu1p4iomo17em1b6jiwel7yxbau7vrs", "fields": {"session_data": ".eJxVjEEOwiAQAP_C2ZCyS4t49O4byC6wUjU0Ke3J-HdD0oNeZybzVoH2rYS95TXMSV2UV6dfxhSfuXaRHlTvi45L3daZdU_0YZu-LSm_rkf7NyjUSt96n8WiI8SBBexoo7AXIs8wwSQD-JQdQIwODJ8RR842MRtDjJKc-nwB7eg4ZA:1tLSXv:4uJEwiqCo0BVOkcAc4PrvkmXkxoeGv-8qbpbIZQc1I8", "expire_date": "2024-12-25T19:38:55.970Z"}}, {"model": "sessions.session", "pk": "fyfgxb0kycu2nlstc6sjrnle3q0af7zy", "fields": {"session_data": "e30:1tL0jk:rYDQ4Ga-eJ82mjopPterXoW0FszFBpeQ1DrfOYwfUFQ", "expire_date": "2024-12-24T13:57:16.801Z"}}, {"model": "sessions.session", "pk": "p3cczwa4q481mx0cl1ftil46jsxi70z7", "fields": {"session_data": "e30:1tL12v:Lslt-LBKovkjzqyMK0PwyLwLwbZlEOONNaOfuKWkewI", "expire_date": "2024-12-24T14:17:05.209Z"}}, {"model": "sessions.session", "pk": "pz2g65c4tq6ica0kgodjgbpl01rmkuvd", "fields": {"session_data": ".eJxVjDsOwjAQBe_iGlmxnPWHkp4zWLveNQ4gR4qTCnF3iJQC2jcz76USbmtNW5clTazOyqjT70aYH9J2wHdst1nnua3LRHpX9EG7vs4sz8vh_h1U7PVbZ5cZQiThwhkDwUDojWXytsjgMRixxQOPxUVnAgMaiAFKER7JEar3BxvhOTU:1t7Fbo:1yUdYqofGDlywHCOyQAZw6omgd2HdmsSk72a26TDUtE", "expire_date": "2024-11-16T15:00:12.447Z"}}, {"model": "sessions.session", "pk": "q1lrd6e5oodx4bixjjlbvns76ub8zx26", "fields": {"session_data": "e30:1tL0dN:4D9iaeOi-m8ayXsMw6feWN9BSMWE13MCVMzX59aT_5o", "expire_date": "2024-12-24T13:50:41.293Z"}}, {"model": "sessions.session", "pk": "w0w4yuylbyea02jb47wtm2acr3r4y1c6", "fields": {"session_data": "e30:1tLJgn:i0Y-_ge2oQz6RCOBfFn_v5m36pqXNmmbmT_4nGLolEI", "expire_date": "2024-12-25T10:11:29.550Z"}}, {"model": "models_app.answer", "pk": 1, "fields": {"text": "5", "is_correct": false, "question": 1}}, {"model": "models_app.answer", "pk": 2, "fields": {"text": "4", "is_correct": false, "question": 1}}, {"model": "models_app.answer", "pk": 3, "fields": {"text": "3", "is_correct": false, "question": 1}}, {"model": "models_app.answer", "pk": 4, "fields": {"text": "2", "is_correct": true, "question": 1}}, {"model": "models_app.answer", "pk": 5, "fields": {"text": "7", "is_correct": false, "question": 2}}, {"model": "models_app.answer", "pk": 6, "fields": {"text": "4", "is_correct": true, "question": 2}}, {"model": "models_app.answer", "pk": 7, "fields": {"text": "676767", "is_correct": false, "question": 2}}, {"model": "models_app.answer", "pk": 8, "fields": {"text": "6", "is_correct": true, "question": 3}}, {"model": "models_app.answer", "pk": 9, "fields": {"text": "8", "is_correct": false, "question": 3}}, {"model": "models_app.answer", "pk": 10, "fields": {"text": "6", "is_correct": false, "question": 3}}, {"model": "models_app.answer", "pk": 11, "fields": {"text": "Joseph Brodsky", "is_correct": true, "question": 4}}, {"model": "models_app.answer", "pk": 12, "fields": {"text": "Sergei Yesenin", "is_correct": false, "question": 4}}, {"model": "models_app.answer", "pk": 13, "fields": {"text": "седан", "is_correct": true, "question": 5}}, {"model": "models_app.answer", "pk": 14, "fields": {"text": "пикап", "is_correct": false, "question": 5}}, {"model": "models_app.answer", "pk": 15, "fields": {"text": "Кикабидзе", "is_correct": false, "question": 4}}, {"model": "models_app.category", "pk": 1, "fields": {"title": "mathematics"}}, {"model": "models_app.category", "pk": 2, "fields": {"title": "poetry"}}, {"model": "models_app.category", "pk": 3, "fields": {"title": "Авто"}}, {"model": "models_app.category", "pk": 4, "fields": {"title": "География добавлен из пользователя"}}, {"model": "models_app.category", "pk": 5, "fields": {"title": "Star"}}, {"model": "models_app.category", "pk": 6, "fields": {"title": "Лайф хаки по жизни"}}, {"model": "models_app.category", "pk": 7, "fields": {"title": "Актеры кино"}}, {"model": "models_app.category", "pk": 8, "fields": {"title": "Фильмы, кино и не только"}}, {"model": "models_app.category", "pk": 9, "fields": {"title": "cat 1"}}, {"model": "models_app.category", "pk": 10, "fields": {"title": "cat 2"}}, {"model": "models_app.category", "pk": 11, "fields": {"title": "cat 3"}}, {"model": "models_app.category", "pk": 12, "fields": {"title": "Программирование"}}, {"model": "models_app.category", "pk": 13, "fields": {"title": "Музыка"}}, {"model": "models_app.favorite", "pk": 1, "fields": {"user": 1, "test": 2}}, {"model": "models_app.favorite", "pk": 2, "fields": {"user": 2, "test": 1}}, {"model": "models_app.question", "pk": 1, "fields": {"text": "1+1", "test": 1, "image": "questions/image/2024/11/12/Пак_Чхан-ук.jpg"}}, {"model": "models_app.question", "pk": 2, "fields": {"text": "2+2", "test": 1, "image": "questions/image/2024/11/12/Решение_уйти2.png"}}, {"model": "models_app.question", "pk": 3, "fields": {"text": "2+2*2", "test": 1, "image": "questions/image/2024/11/12/ера.jpg"}}, {"model": "models_app.question", "pk": 4, "fields": {"text": "Don't leave the room, don't make a mistake.\r\nWhy do you need the Sun if you smoke Shipka?\r\nEverything is meaningless behind the door, especially the cry of happiness.\r\nJust go to the toilet - and come back immediately.", "test": 2, "image": "questions/image/2024/11/03/default.png"}}, {"model": "models_app.question", "pk": 5, "fields": {"text": "какой кузов на каринке?", "test": 3, "image": "questions/image/2024/11/03/Кур2.jpeg"}}, {"model": "models_app.question", "pk": 6, "fields": {"text": "А и Б сидели на трубе\r\nЧто осталось?", "test": 1, "image": "questions/image/2024/11/23/жмур2.jpeg"}}, {"model": "models_app.question", "pk": 7, "fields": {"text": "вопрос 1 для матемаша1", "test": 4, "image": "questions/image/2024/11/29/78bcc3dc7d7480e4fab25ac94f969221.jpg"}}, {"model": "models_app.question", "pk": 8, "fields": {"text": "В первую фразу которую вводит программист при изучении языка пайтон", "test": 19, "image": "questions/image/2024/12/05/310d47e7fe334427bd8a96ddabbf7212.jpg"}}, {"model": "models_app.test", "pk": 1, "fields": {"title": "just mathematics", "category": 1, "description": "simple math tests", "created_at": "2024-11-02T21:28:21.823Z", "updated_at": "2024-11-23T20:21:50.154Z", "author": 1, "is_published": true, "slug": "1"}}, {"model": "models_app.test", "pk": 2, "fields": {"title": "Russian poetry", "category": 2, "description": "Don't leave the room, don't make a mistake.\r\nWhy do you need the Sun if you smoke Shipka?\r\nEverything is meaningless behind the door, especially the cry of happiness.\r\nJust go to the toilet - and come back immediately.", "created_at": "2024-11-02T21:38:32.926Z", "updated_at": "2024-11-24T03:03:36.731Z", "author": 1, "is_published": true, "slug": "2p"}}, {"model": "models_app.test", "pk": 3, "fields": {"title": "кузов авто", "category": 3, "description": "какой кузов?", "created_at": "2024-11-03T00:04:29.914Z", "updated_at": "2024-11-23T21:10:05.476Z", "author": 2, "is_published": true, "slug": "1a"}}, {"model": "models_app.test", "pk": 4, "fields": {"title": "матемаша1", "category": 1, "description": "Таким образом дальнейшее развитие различных форм деятельности требуют от нас анализа существенных финансовых и административных условий. Таким образом новая модель организационной деятельности играет важную роль в формировании соответствующий условий активизации.", "created_at": "2024-11-28T21:11:30.492Z", "updated_at": "2024-12-09T21:42:06.414Z", "author": 3, "is_published": true, "slug": "mat"}}, {"model": "models_app.test", "pk": 14, "fields": {"title": "fdnjh", "category": 2, "description": "sdfwrw\r\nerererer", "created_at": "2024-11-28T21:24:51.720Z", "updated_at": "2024-11-28T21:24:51.720Z", "author": 1, "is_published": true, "slug": "popop"}}, {"model": "models_app.test", "pk": 15, "fields": {"title": "frbth", "category": 7, "description": "vvvvvvv\r\nbbgbgbgbgbg", "created_at": "2024-11-28T21:25:40.504Z", "updated_at": "2024-11-28T21:25:40.504Z", "author": 3, "is_published": true, "slug": "rtrtrt"}}, {"model": "models_app.test", "pk": 16, "fields": {"title": "act", "category": 8, "description": "ererererere", "created_at": "2024-11-28T21:26:18.631Z", "updated_at": "2024-12-02T22:35:49.409Z", "author": 2, "is_published": true, "slug": "ccdcdcd"}}, {"model": "models_app.test", "pk": 17, "fields": {"title": "dododo", "category": 6, "description": "dododododododododododododododo\r\ndodododododododododododo", "created_at": "2024-11-28T21:27:05.038Z", "updated_at": "2024-11-28T21:27:05.038Z", "author": 3, "is_published": true, "slug": "fgf"}}, {"model": "models_app.test", "pk": 18, "fields": {"title": "real", "category": 8, "description": "real real real real real real real real real real real real real real real real real \r\nreal real real real real real real real real", "created_at": "2024-11-28T21:34:08.187Z", "updated_at": "2024-11-28T21:34:08.187Z", "author": 2, "is_published": true, "slug": "rrr"}}, {"model": "models_app.test", "pk": 19, "fields": {"title": "Основы программирования", "category": 12, "description": "Какая-то информация о тесте из раздела основы программирования причём информация начальная патамушта тест называется старт\r\nуже по другому", "created_at": "2024-12-05T14:06:43.032Z", "updated_at": "2024-12-05T14:09:23.074Z", "author": 3, "is_published": true, "slug": "m_pr"}}, {"model": "models_app.test", "pk": 20, "fields": {"title": "CatFood", "category": 9, "description": "CatFood descruption", "created_at": "2024-12-09T17:26:36.387Z", "updated_at": "2024-12-09T17:26:36.387Z", "author": 4, "is_published": true, "slug": "caaat"}}, {"model": "models_app.user", "pk": 1, "fields": {"password": "pbkdf2_sha256$600000$bY8Toat4nDVzPVHX1HUYXu$UrGkyhplGtPWr+F3iOwmUmjSA132vKOfpyavq0fRkpI=", "last_login": "2024-12-11T10:04:44.832Z", "is_superuser": true, "username": "admin", "first_name": "", "last_name": "", "email": "", "is_staff": true, "is_active": true, "date_joined": "2024-10-30T16:39:54.434Z", "avatar": "", "groups": [], "user_permissions": []}}, {"model": "models_app.user", "pk": 2, "fields": {"password": "1234", "last_login": null, "is_superuser": false, "username": "вася", "first_name": "", "last_name": "", "email": "", "is_staff": false, "is_active": true, "date_joined": "2024-11-02T23:51:16Z", "avatar": "users/avatar/3.jpg", "groups": [], "user_permissions": []}}, {"model": "models_app.user", "pk": 3, "fields": {"password": "pbkdf2_sha256$320000$euOQFy8uQKrwxjFxRrkI6D$Pd6v+bUpre/tQogmbvx9NtAHxmuQICXeYsYOLGHW5/c=", "last_login": "2024-11-16T17:49:46Z", "is_superuser": false, "username": "from_form", "first_name": "", "last_name": "", "email": "", "is_staff": false, "is_active": true, "date_joined": "2024-11-16T17:49:46Z", "avatar": "users/avatar/12121.jpg", "groups": [], "user_permissions": []}}, {"model": "models_app.user", "pk": 4, "fields": {"password": "pbkdf2_sha256$600000$0n6aqWM99TGXXLUeG0EGbZ$mitvKymof2AXj2zbeBBUxGchJcKKuqbdlLC6smwRND4=", "last_login": "2024-12-06T13:00:15Z", "is_superuser": false, "username": "лололололололололололололололо", "first_name": "", "last_name": "", "email": "", "is_staff": false, "is_active": true, "date_joined": "2024-12-06T13:00:15Z", "avatar": "", "groups": [], "user_permissions": []}}, {"model": "models_app.user", "pk": 5, "fields": {"password": "pbkdf2_sha256$600000$l3dVAhH4GdFCg0mmu0Xtsq$Mn3mpioXEYS8TPqnhQsghCYRLN2a0bg6jy0kc0/Sh4U=", "last_login": "2024-12-10T13:50:41.296Z", "is_superuser": false, "username": "Artem666", "first_name": "", "last_name": "", "email": "", "is_staff": false, "is_active": true, "date_joined": "2024-12-10T13:50:40.909Z", "avatar": "", "groups": [], "user_permissions": []}}, {"model": "models_app.user", "pk": 6, "fields": {"password": "pbkdf2_sha256$600000$VwXIeX8YMcxFJIhHyLckyp$e+zgr3ct2K6eT1iAekLnOGOoQ21jR+f9NCbpO+4nNmg=", "last_login": "2024-12-10T13:57:16.802Z", "is_superuser": false, "username": "Maks555", "first_name": "", "last_name": "", "email": "", "is_staff": false, "is_active": true, "date_joined": "2024-12-10T13:57:16.438Z", "avatar": "", "groups": [], "user_permissions": []}}, {"model": "models_app.user", "pk": 7, "fields": {"password": "pbkdf2_sha256$600000$tU6BJVk07xodB50pMBVqkJ$ldt3xs6D+kiJOf6/PomSi7wrzRPz8Bey8tcxp+zLD9A=", "last_login": "2024-12-10T14:17:05.211Z", "is_superuser": false, "username": "Durov", "first_name": "", "last_name": "", "email": "", "is_staff": false, "is_active": true, "date_joined": "2024-12-10T14:17:04.862Z", "avatar": "", "groups": [], "user_permissions": []}}, {"model": "models_app.user", "pk": 8, "fields": {"password": "pbkdf2_sha256$600000$YGgqauvqQyhmRTV50xz62K$tnp6034/Oo5VA1EL2wcYJFL5GTRtgd+zFpGDdHq7MtU=", "last_login": "2024-12-11T10:11:29.551Z", "is_superuser": false, "username": "Petia", "first_name": "", "last_name": "", "email": "", "is_staff": false, "is_active": true, "date_joined": "2024-12-11T10:11:29.201Z", "avatar": "", "groups": [], "user_permissions": []}}, {"model": "models_app.user", "pk": 9, "fields": {"password": "pbkdf2_sha256$600000$xbAYvT8Gxgweift8a0y9ty$cnukbzOlLoi2kerfGFEXH3TxCdanzBz5ayqL4B9Cym0=", "last_login": "2024-12-11T19:38:55.969Z", "is_superuser": false, "username": "Petia2", "first_name": "", "last_name": "", "email": "", "is_staff": false, "is_active": true, "date_joined": "2024-12-11T19:38:55.700Z", "avatar": "", "groups": [], "user_permissions": []}}]
